figure,panels,sample_state,temperature_C,frequency_Hz,epsilon_real,epsilon_loss,digitization_score_real,digitization_score_loss,selection,provenance
Figure2,C/D,poled,-30,1,12.873563,0.73541041,9.486833,9.8488578,ALPHA_WINDOW,DIGITIZED_SOURCE
Figure2,C/D,poled,-30,1.9952623,12.413793,0.77834194,5.3851648,7.2801099,ALPHA_WINDOW,DIGITIZED_SOURCE
Figure2,C/D,poled,-30,5.0118723,12.183908,0.80834645,8.2462113,10.86278,ALPHA_WINDOW,DIGITIZED_SOURCE
Figure2,C/D,poled,-30,10,11.666667,0.88015371,12.124356,11,ALPHA_WINDOW,DIGITIZED_SOURCE
Figure2,C/D,poled,-30,25.118864,11.206897,0.92276774,10.099505,10.049876,ALPHA_WINDOW,DIGITIZED_SOURCE
Figure2,C/D,poled,-30,50.118723,10.632184,0.94038557,6.164414,21.18962,ALPHA_WINDOW,DIGITIZED_SOURCE
Figure2,C/D,poled,-30,125.89254,10.057471,0.967445,13.96424,5.7445626,ALPHA_WINDOW,DIGITIZED_SOURCE
Figure2,C/D,poled,-30,251.18864,9.7126437,0.94932022,9,6.7082039,ALPHA_WINDOW,DIGITIZED_SOURCE
Figure2,C/D,poled,-30,630.95734,9.0804598,0.92276774,13.490738,3,ALPHA_WINDOW,DIGITIZED_SOURCE
Figure2,C/D,poled,-30,1258.9254,8.3908046,0.8636643,5.3851648,17.029386,ALPHA_WINDOW,DIGITIZED_SOURCE
Figure2,C/D,poled,-20,15.848932,13.735632,0.70811317,2.236068,3,ALPHA_WINDOW,DIGITIZED_SOURCE
Figure2,C/D,poled,-20,31.622777,13.62069,0.78573701,3.3166248,2.4494897,ALPHA_WINDOW,DIGITIZED_SOURCE
Figure2,C/D,poled,-20,79.432823,12.988506,0.89695793,2.236068,3.7416574,ALPHA_WINDOW,DIGITIZED_SOURCE
Figure2,C/D,poled,-20,158.48932,12.758621,1.073497,1.4142136,2,ALPHA_WINDOW,DIGITIZED_SOURCE
Figure2,C/D,poled,-20,398.10717,11.896552,1.1799635,2.4494897,2.4494897,ALPHA_WINDOW,DIGITIZED_SOURCE
Figure2,C/D,poled,-20,794.32823,11.321839,1.2254503,3.7416574,3.1622777,ALPHA_WINDOW,DIGITIZED_SOURCE
Figure2,C/D,poled,-20,1995.2623,10.632184,1.2969892,3.6055513,6,ALPHA_WINDOW,DIGITIZED_SOURCE
Figure2,C/D,poled,-20,3981.0717,9.7126437,1.2969892,3,5.0990195,ALPHA_WINDOW,DIGITIZED_SOURCE
Figure2,C/D,poled,-20,10000,9.0804598,1.2370933,3.7416574,1,ALPHA_WINDOW,DIGITIZED_SOURCE
Figure2,C/D,poled,-20,19952.623,8.3908046,1.14696,3.4641016,1.7320508,ALPHA_WINDOW,DIGITIZED_SOURCE
Figure2,C/D,poled,-10,158.48932,14.54023,0.6690553,10.86278,9.797959,ALPHA_WINDOW,DIGITIZED_SOURCE
Figure2,C/D,poled,-10,316.22777,14.252874,0.77834194,6.9282032,10.630146,ALPHA_WINDOW,DIGITIZED_SOURCE
Figure2,C/D,poled,-10,794.32823,13.563218,1.125472,11.224972,7.6811457,ALPHA_WINDOW,DIGITIZED_SOURCE
Figure2,C/D,poled,-10,1584.8932,13.218391,1.2139168,7.8102497,11.661904,ALPHA_WINDOW,DIGITIZED_SOURCE
Figure2,C/D,poled,-10,3981.0717,12.011494,1.4256211,11.874342,9.6436508,ALPHA_WINDOW,DIGITIZED_SOURCE
Figure2,C/D,poled,-10,7943.2823,11.724138,1.6121008,10.198039,11.7047,ALPHA_WINDOW,DIGITIZED_SOURCE
Figure2,C/D,poled,-10,19952.623,10.45977,1.6428796,9.539392,11.789826,ALPHA_WINDOW,DIGITIZED_SOURCE
Figure2,C/D,poled,-10,39810.717,9.8850575,1.6274175,10.677078,12.247449,ALPHA_WINDOW,DIGITIZED_SOURCE
Figure2,C/D,poled,-10,100000,9.1954023,1.4528396,10.630146,13.152946,ALPHA_WINDOW,DIGITIZED_SOURCE
Figure2,C/D,poled,-10,199526.23,8.2183908,1.2607124,12.083046,13.96424,ALPHA_WINDOW,DIGITIZED_SOURCE
Figure2,C/D,poled,0,630.95734,15.114943,0.70811317,3,3.3166248,ALPHA_WINDOW,DIGITIZED_SOURCE
Figure2,C/D,poled,0,1258.9254,14.597701,0.80073859,1.4142136,2.236068,ALPHA_WINDOW,DIGITIZED_SOURCE
Figure2,C/D,poled,0,3162.2777,14.137931,1.14696,2.236068,1.4142136,ALPHA_WINDOW,DIGITIZED_SOURCE
Figure2,C/D,poled,0,6309.5734,13.563218,1.4528396,3.3166248,2.236068,ALPHA_WINDOW,DIGITIZED_SOURCE
Figure2,C/D,poled,0,15848.932,12.643678,1.7062115,3,5.0990195,ALPHA_WINDOW,DIGITIZED_SOURCE
Figure2,C/D,poled,0,31622.777,11.896552,1.8402934,1,2.4494897,ALPHA_WINDOW,DIGITIZED_SOURCE
Figure2,C/D,poled,0,79432.823,10.45977,1.875429,3,8.4852814,ALPHA_WINDOW,DIGITIZED_SOURCE
Figure2,C/D,poled,0,158489.32,10.172414,1.8229732,1,1.4142136,ALPHA_WINDOW,DIGITIZED_SOURCE
Figure2,C/D,poled,0,398107.17,9.2528736,1.7062115,5.3851648,5.4772256,ALPHA_WINDOW,DIGITIZED_SOURCE
Figure2,C/D,poled,0,794328.23,8.6206897,1.3989125,2.8284271,4.6904158,ALPHA_WINDOW,DIGITIZED_SOURCE
Figure2,C/D,poled,10,1995.2623,15.689655,0.67541202,5.0990195,7.6811457,ALPHA_WINDOW,DIGITIZED_SOURCE
Figure2,C/D,poled,10,3981.0717,15.344828,0.82377971,8.0622577,6.78233,ALPHA_WINDOW,DIGITIZED_SOURCE
Figure2,C/D,poled,10,10000,14.827586,1.14696,9.4339811,9,ALPHA_WINDOW,DIGITIZED_SOURCE
Figure2,C/D,poled,10,19952.623,14.137931,1.2726905,3.1622777,5.0990195,ALPHA_WINDOW,DIGITIZED_SOURCE
Figure2,C/D,poled,10,50118.723,13.275862,1.7553074,5.1961524,10.049876,ALPHA_WINDOW,DIGITIZED_SOURCE
Figure2,C/D,poled,10,100000,12.586207,1.9849121,5.7445626,7.1414284,ALPHA_WINDOW,DIGITIZED_SOURCE
Figure2,C/D,poled,10,251188.64,11.149425,2.1007866,5.3851648,0,ALPHA_WINDOW,DIGITIZED_SOURCE
Figure2,C/D,poled,10,501187.23,10.229885,2.0228088,9.4339811,9.8994949,ALPHA_WINDOW,DIGITIZED_SOURCE
Figure2,C/D,poled,10,1258925.4,9.4252874,1.7719847,6.4807407,12.083046,ALPHA_WINDOW,DIGITIZED_SOURCE
Figure2,C/D,poled,10,2511886.4,7.9885057,1.5522622,8.4852814,8.8317609,ALPHA_WINDOW,DIGITIZED_SOURCE
Figure2,C/D,poled,20,5011.8723,15.862069,0.66275839,2.8284271,8.1240384,ALPHA_WINDOW,DIGITIZED_SOURCE
Figure2,C/D,poled,20,10000,15.747126,0.82377971,8.3666003,3,ALPHA_WINDOW,DIGITIZED_SOURCE
Figure2,C/D,poled,20,25118.864,15,1.1799635,4.2426407,6.78233,ALPHA_WINDOW,DIGITIZED_SOURCE
Figure2,C/D,poled,20,50118.723,14.310345,1.3343098,3.7416574,5.3851648,ALPHA_WINDOW,DIGITIZED_SOURCE
Figure2,C/D,poled,20,125892.54,13.390805,1.9849121,7.0710678,10.198039,ALPHA_WINDOW,DIGITIZED_SOURCE
Figure2,C/D,poled,20,251188.64,12.758621,2.2445504,2.236068,6.78233,ALPHA_WINDOW,DIGITIZED_SOURCE
Figure2,C/D,poled,20,630957.34,11.551724,2.2874042,8.5440037,7.4833148,ALPHA_WINDOW,DIGITIZED_SOURCE
Figure2,C/D,poled,20,1258925.4,10.517241,2.2445504,7.4833148,5.8309519,ALPHA_WINDOW,DIGITIZED_SOURCE
Figure2,C/D,poled,20,3162277.7,8.6206897,1.9112353,6.4807407,7,ALPHA_WINDOW,DIGITIZED_SOURCE
Figure2,C/D,poled,20,6309573.4,7.5862069,1.5376529,5.1961524,4.1231056,ALPHA_WINDOW,DIGITIZED_SOURCE
Figure2,C/D,poled,30,12589.254,16.666667,0.52819296,1,2,ALPHA_WINDOW,DIGITIZED_SOURCE
Figure2,C/D,poled,30,25118.864,16.609195,0.71484099,2,2,ALPHA_WINDOW,DIGITIZED_SOURCE
Figure2,C/D,poled,30,50118.723,16.034483,0.967445,2,3,ALPHA_WINDOW,DIGITIZED_SOURCE
Figure2,C/D,poled,30,125892.54,15.632184,1.3093119,10,1,ALPHA_WINDOW,DIGITIZED_SOURCE
Figure2,C/D,poled,30,251188.64,14.712644,1.6584887,1,11,ALPHA_WINDOW,DIGITIZED_SOURCE
Figure2,C/D,poled,30,501187.23,14.08046,2.1817703,1,0,ALPHA_WINDOW,DIGITIZED_SOURCE
Figure2,C/D,poled,30,1000000,12.643678,2.2874042,2,5,ALPHA_WINDOW,DIGITIZED_SOURCE
Figure2,C/D,poled,30,2511886.4,11.781609,2.4439389,2,5,ALPHA_WINDOW,DIGITIZED_SOURCE
Figure2,C/D,poled,30,5011872.3,10.114943,2.375582,0,2.236068,ALPHA_WINDOW,DIGITIZED_SOURCE
Figure2,C/D,poled,30,10000000,9.3678161,2.1007866,1,1,ALPHA_WINDOW,DIGITIZED_SOURCE
Figure2,C/D,poled,40,50118.723,17.011494,0.728489,2.4494897,1.4142136,ALPHA_WINDOW,DIGITIZED_SOURCE
Figure2,C/D,poled,40,100000,16.666667,1.0336505,4.1231056,3,ALPHA_WINDOW,DIGITIZED_SOURCE
Figure2,C/D,poled,40,158489.32,16.264368,1.073497,1.4142136,1.4142136,ALPHA_WINDOW,DIGITIZED_SOURCE
Figure2,C/D,poled,40,316227.77,15.574713,1.4666431,3.7416574,3,ALPHA_WINDOW,DIGITIZED_SOURCE
Figure2,C/D,poled,40,501187.23,14.942529,1.7387871,3.7416574,5.0990195,ALPHA_WINDOW,DIGITIZED_SOURCE
Figure2,C/D,poled,40,1000000,13.908046,1.8932475,3.4641016,3.1622777,ALPHA_WINDOW,DIGITIZED_SOURCE
Figure2,C/D,poled,40,1584893.2,13.908046,2.3310762,3.4641016,6.164414,ALPHA_WINDOW,DIGITIZED_SOURCE
Figure2,C/D,poled,40,3162277.7,12.356322,2.6111858,3.6055513,3.1622777,ALPHA_WINDOW,DIGITIZED_SOURCE
Figure2,C/D,poled,40,5011872.3,11.724138,2.6359949,1.4142136,13.076697,ALPHA_WINDOW,DIGITIZED_SOURCE
Figure2,C/D,poled,40,10000000,10.977011,2.5622661,5.0990195,2.236068,ALPHA_WINDOW,DIGITIZED_SOURCE
Figure2,A/B,unpoled,-30,1.5848932,10.977011,0.55182742,4.2426407,17.233688,ALPHA_WINDOW,DIGITIZED_SOURCE
Figure2,A/B,unpoled,-30,3.1622777,10.574713,0.62976762,5.7445626,9.4339811,ALPHA_WINDOW,DIGITIZED_SOURCE
Figure2,A/B,unpoled,-30,7.9432823,10.287356,0.78242483,7,7.0710678,ALPHA_WINDOW,DIGITIZED_SOURCE
Figure2,A/B,unpoled,-30,15.848932,9.6551724,0.90994762,5.9160798,6.5574385,ALPHA_WINDOW,DIGITIZED_SOURCE
Figure2,A/B,unpoled,-30,39.810717,9.0804598,1.0094815,10.198039,7.8102497,ALPHA_WINDOW,DIGITIZED_SOURCE
Figure2,A/B,unpoled,-30,79.432823,8.8505747,1.048315,3.1622777,13,ALPHA_WINDOW,DIGITIZED_SOURCE
Figure2,A/B,unpoled,-30,199.52623,8.1609195,1.0682884,18.466185,14.071247,ALPHA_WINDOW,DIGITIZED_SOURCE
Figure2,A/B,unpoled,-30,398.10717,7.5287356,1.048315,14.866069,13.601471,ALPHA_WINDOW,DIGITIZED_SOURCE
Figure2,A/B,unpoled,-30,1000,7.183908,1.0094815,5.0990195,7.8740079,ALPHA_WINDOW,DIGITIZED_SOURCE
Figure2,A/B,unpoled,-30,1995.2623,6.6091954,0.90994762,9.1104336,8.6023253,ALPHA_WINDOW,DIGITIZED_SOURCE
Figure2,A/B,unpoled,-20,19.952623,11.551724,0.53138567,3,2.236068,ALPHA_WINDOW,DIGITIZED_SOURCE
Figure2,A/B,unpoled,-20,39.810717,11.264368,0.57305555,5.3851648,5.0990195,ALPHA_WINDOW,DIGITIZED_SOURCE
Figure2,A/B,unpoled,-20,100,10.977011,0.74636423,2.4494897,1.4142136,ALPHA_WINDOW,DIGITIZED_SOURCE
Figure2,A/B,unpoled,-20,199.52623,10.574713,0.95391175,3,2.4494897,ALPHA_WINDOW,DIGITIZED_SOURCE
Figure2,A/B,unpoled,-20,501.18723,9.6551724,1.1093842,3.3166248,3,ALPHA_WINDOW,DIGITIZED_SOURCE
Figure2,A/B,unpoled,-20,1000,9.2528736,1.2901961,5.0990195,2.236068,ALPHA_WINDOW,DIGITIZED_SOURCE
Figure2,A/B,unpoled,-20,2511.8864,8.2183908,1.3398284,3.1622777,4.8989795,ALPHA_WINDOW,DIGITIZED_SOURCE
Figure2,A/B,unpoled,-20,5011.8723,7.5862069,1.2901961,1,5.4772256,ALPHA_WINDOW,DIGITIZED_SOURCE
Figure2,A/B,unpoled,-20,12589.254,6.954023,1.1740109,2.4494897,1,ALPHA_WINDOW,DIGITIZED_SOURCE
Figure2,A/B,unpoled,-20,25118.864,6.6091954,1.1093842,0,1.7320508,ALPHA_WINDOW,DIGITIZED_SOURCE
Figure2,A/B,unpoled,-10,199.52623,11.724138,0.46562124,3.6055513,9.1104336,ALPHA_WINDOW,DIGITIZED_SOURCE
Figure2,A/B,unpoled,-10,398.10717,11.494253,0.58397391,7.0710678,6,ALPHA_WINDOW,DIGITIZED_SOURCE
Figure2,A/B,unpoled,-10,1000,11.034483,0.91857528,12.041595,9.486833,ALPHA_WINDOW,DIGITIZED_SOURCE
Figure2,A/B,unpoled,-10,1995.2623,10.689655,1.1520608,9.1104336,10.099505,ALPHA_WINDOW,DIGITIZED_SOURCE
Figure2,A/B,unpoled,-10,5011.8723,9.8275862,1.4045622,11,13.747727,ALPHA_WINDOW,DIGITIZED_SOURCE
Figure2,A/B,unpoled,-10,10000,9.1954023,1.529066,11.045361,6.4031242,ALPHA_WINDOW,DIGITIZED_SOURCE
Figure2,A/B,unpoled,-10,25118.864,8.045977,1.5581991,9.9498744,3.3166248,ALPHA_WINDOW,DIGITIZED_SOURCE
Figure2,A/B,unpoled,-10,50118.723,7.6436782,1.5004776,4.5825757,8.3666003,ALPHA_WINDOW,DIGITIZED_SOURCE
Figure2,A/B,unpoled,-10,125892.54,6.7816092,1.2307333,10.099505,11.7047,ALPHA_WINDOW,DIGITIZED_SOURCE
Figure2,A/B,unpoled,-10,251188.64,6.1494253,1.1305211,5.8309519,11.575837,ALPHA_WINDOW,DIGITIZED_SOURCE
Figure2,A/B,unpoled,0,1000,12.011494,0.47003603,1,1.4142136,ALPHA_WINDOW,DIGITIZED_SOURCE
Figure2,A/B,unpoled,0,1995.2623,11.724138,0.60074273,3.1622777,4.3588989,ALPHA_WINDOW,DIGITIZED_SOURCE
Figure2,A/B,unpoled,0,5011.8723,11.494253,0.92728474,3,1.7320508,ALPHA_WINDOW,DIGITIZED_SOURCE
Figure2,A/B,unpoled,0,10000,10.804598,1.1520608,3.1622777,4,ALPHA_WINDOW,DIGITIZED_SOURCE
Figure2,A/B,unpoled,0,25118.864,10.344828,1.4863844,2.236068,6.164414,ALPHA_WINDOW,DIGITIZED_SOURCE
Figure2,A/B,unpoled,0,50118.723,9.1954023,1.7124053,4.5825757,3.3166248,ALPHA_WINDOW,DIGITIZED_SOURCE
Figure2,A/B,unpoled,0,125892.54,7.9310345,1.7286414,1.7320508,4.2426407,ALPHA_WINDOW,DIGITIZED_SOURCE
Figure2,A/B,unpoled,0,251188.64,7.6436782,1.5878873,2.4494897,6.9282032,ALPHA_WINDOW,DIGITIZED_SOURCE
Figure2,A/B,unpoled,0,630957.34,6.6666667,1.3147781,4.1231056,1.4142136,ALPHA_WINDOW,DIGITIZED_SOURCE
Figure2,A/B,unpoled,0,1258925.4,5.7471264,1.1305211,1.4142136,5.7445626,ALPHA_WINDOW,DIGITIZED_SOURCE
Figure2,A/B,unpoled,10,2511.8864,12.241379,0.43998981,5.0990195,3.7416574,ALPHA_WINDOW,DIGITIZED_SOURCE
Figure2,A/B,unpoled,10,5011.8723,12.011494,0.55705957,3.1622777,10.677078,ALPHA_WINDOW,DIGITIZED_SOURCE
Figure2,A/B,unpoled,10,12589.254,11.724138,0.69865423,4.5825757,11.661904,ALPHA_WINDOW,DIGITIZED_SOURCE
Figure2,A/B,unpoled,10,25118.864,11.494253,1.028715,9.486833,9.486833,ALPHA_WINDOW,DIGITIZED_SOURCE
Figure2,A/B,unpoled,10,63095.734,10.45977,1.39137,10.34408,9.4339811,ALPHA_WINDOW,DIGITIZED_SOURCE
Figure2,A/B,unpoled,10,125892.54,9.7701149,1.6334835,7.3484692,6.9282032,ALPHA_WINDOW,DIGITIZED_SOURCE
Figure2,A/B,unpoled,10,316227.77,8.5632184,1.8818724,4.5825757,8.6023253,ALPHA_WINDOW,DIGITIZED_SOURCE
Figure2,A/B,unpoled,10,630957.34,7.6436782,1.7782794,7.4833148,10.29563,ALPHA_WINDOW,DIGITIZED_SOURCE
Figure2,A/B,unpoled,10,1584893.2,6.7816092,1.529066,4.2426407,9.486833,ALPHA_WINDOW,DIGITIZED_SOURCE
Figure2,A/B,unpoled,10,3162277.7,6.1494253,1.39137,10.86278,6.3245553,ALPHA_WINDOW,DIGITIZED_SOURCE
Figure2,A/B,unpoled,20,6309.5734,12.413793,0.35750218,4.5825757,4.6904158,ALPHA_WINDOW,DIGITIZED_SOURCE
Figure2,A/B,unpoled,20,12589.254,12.298851,0.45691568,6.4807407,3,ALPHA_WINDOW,DIGITIZED_SOURCE
Figure2,A/B,unpoled,20,31622.777,12.126437,0.71871611,7.0710678,7.3484692,ALPHA_WINDOW,DIGITIZED_SOURCE
Figure2,A/B,unpoled,20,63095.734,11.609195,0.89293464,6.7082039,7.2111026,ALPHA_WINDOW,DIGITIZED_SOURCE
Figure2,A/B,unpoled,20,158489.32,11.206897,1.4045622,6.5574385,6.164414,ALPHA_WINDOW,DIGITIZED_SOURCE
Figure2,A/B,unpoled,20,316227.77,10.402299,1.761577,4.1231056,9.8994949,ALPHA_WINDOW,DIGITIZED_SOURCE
Figure2,A/B,unpoled,20,794328.23,9.137931,2.0294439,4.3588989,1,ALPHA_WINDOW,DIGITIZED_SOURCE
Figure2,A/B,unpoled,20,1584893.2,8.3908046,1.9359104,8.0622577,5.0990195,ALPHA_WINDOW,DIGITIZED_SOURCE
Figure2,A/B,unpoled,20,3981071.7,6.954023,1.6029428,3.7416574,2.236068,ALPHA_WINDOW,DIGITIZED_SOURCE
Figure2,A/B,unpoled,20,7943282.3,6.2643678,1.3147781,6.5574385,7.8740079,ALPHA_WINDOW,DIGITIZED_SOURCE
Figure2,A/B,unpoled,30,19952.623,12.643678,0.43585724,0,0,ALPHA_WINDOW,DIGITIZED_SOURCE
Figure2,A/B,unpoled,30,39810.717,12.413793,0.5415101,4,0,ALPHA_WINDOW,DIGITIZED_SOURCE
Figure2,A/B,unpoled,30,79432.823,12.183908,0.79733228,5.3851648,3,ALPHA_WINDOW,DIGITIZED_SOURCE
Figure2,A/B,unpoled,30,158489.32,11.724138,0.90994762,9,0,ALPHA_WINDOW,DIGITIZED_SOURCE
Figure2,A/B,unpoled,30,316227.77,11.494253,1.365356,1,5.8309519,ALPHA_WINDOW,DIGITIZED_SOURCE
Figure2,A/B,unpoled,30,630957.34,10.977011,1.6646061,4,2,ALPHA_WINDOW,DIGITIZED_SOURCE
Figure2,A/B,unpoled,30,1258925.4,9.6551724,2.0103825,2.236068,0,ALPHA_WINDOW,DIGITIZED_SOURCE
Figure2,A/B,unpoled,30,2511886.4,8.5632184,2.1075141,8.5440037,8.3666003,ALPHA_WINDOW,DIGITIZED_SOURCE
Figure2,A/B,unpoled,30,5011872.3,7.2413793,1.864197,3,1.7320508,ALPHA_WINDOW,DIGITIZED_SOURCE
Figure2,A/B,unpoled,30,10000000,6.8390805,1.7124053,3.6055513,3.1622777,ALPHA_WINDOW,DIGITIZED_SOURCE
Figure2,A/B,unpoled,40,50118.723,12.701149,0.40799584,3.7416574,2.4494897,ALPHA_WINDOW,DIGITIZED_SOURCE
Figure2,A/B,unpoled,40,100000,12.701149,0.53138567,1.4142136,3.1622777,ALPHA_WINDOW,DIGITIZED_SOURCE
Figure2,A/B,unpoled,40,158489.32,12.356322,0.64785141,4.2426407,3.3166248,ALPHA_WINDOW,DIGITIZED_SOURCE
Figure2,A/B,unpoled,40,316227.77,12.068966,0.859857,3.3166248,3,ALPHA_WINDOW,DIGITIZED_SOURCE
Figure2,A/B,unpoled,40,501187.23,11.954023,1.2780781,4.2426407,3,ALPHA_WINDOW,DIGITIZED_SOURCE
Figure2,A/B,unpoled,40,1000000,11.436782,1.6646061,1,3,ALPHA_WINDOW,DIGITIZED_SOURCE
Figure2,A/B,unpoled,40,1584893.2,10.747126,1.8997153,4.6904158,5.3851648,ALPHA_WINDOW,DIGITIZED_SOURCE
Figure2,A/B,unpoled,40,3162277.7,9.1954023,2.1885876,2.4494897,1,ALPHA_WINDOW,DIGITIZED_SOURCE
Figure2,A/B,unpoled,40,5011872.3,9.1954023,2.2093387,2.4494897,8.7749644,ALPHA_WINDOW,DIGITIZED_SOURCE
Figure2,A/B,unpoled,40,10000000,8.2183908,2.1274965,3,3.1622777,ALPHA_WINDOW,DIGITIZED_SOURCE